{
  "loss": [
    0.11303012818098068,
    0.05259336903691292,
    0.03994893655180931,
    0.05813748762011528,
    0.03643996641039848,
    0.03580164536833763
  ],
  "accuracy": [
    0.9613526463508606,
    0.9758453965187073,
    0.979468584060669,
    0.967391312122345,
    0.9830917716026306,
    0.977053165435791
  ],
  "auc": [
    0.991162121295929,
    0.9988555312156677,
    0.9990569353103638,
    0.9984117150306702,
    0.9991942644119263,
    0.9990569353103638
  ],
  "val_loss": [
    0.39093562960624695,
    0.578500509262085,
    0.6210947036743164,
    0.7791018486022949,
    0.8210408687591553,
    0.7486196160316467
  ],
  "val_accuracy": [
    0.9710144996643066,
    0.9806763529777527,
    0.9758453965187073,
    0.45410627126693726,
    0.45410627126693726,
    0.45410627126693726
  ],
  "val_auc": [
    0.9990115165710449,
    0.9587647914886475,
    0.9985877871513367,
    0.0435887947678566,
    0.051826417446136475,
    0.05187349021434784
  ],
  "lr": [
    0.0010000000474974513,
    0.0010000000474974513,
    0.0010000000474974513,
    0.0010000000474974513,
    0.0005000000237487257,
    0.0005000000237487257
  ]
}