{
  "models": {
    "cnn": {
      "accuracy": 0.81,
      "report": {
        "0": {
          "precision": 0.6474358974358975,
          "recall": 0.5642458100558659,
          "f1-score": 0.6029850746268657,
          "support": 179.0
        },
        "1": {
          "precision": 0.9147727272727273,
          "recall": 0.817258883248731,
          "f1-score": 0.8632707774798928,
          "support": 197.0
        },
        "2": {
          "precision": 0.6440677966101694,
          "recall": 0.7562189054726368,
          "f1-score": 0.6956521739130435,
          "support": 201.0
        },
        "3": {
          "precision": 0.8706896551724138,
          "recall": 0.9711538461538461,
          "f1-score": 0.9181818181818181,
          "support": 208.0
        },
        "4": {
          "precision": 0.97,
          "recall": 0.9023255813953488,
          "f1-score": 0.9349397590361446,
          "support": 215.0
        },
        "accuracy": 0.81,
        "macro avg": {
          "precision": 0.8093932152982417,
          "recall": 0.8022406052652858,
          "f1-score": 0.8030059206475528,
          "support": 1000.0
        },
        "weighted avg": {
          "precision": 0.8152123283082591,
          "recall": 0.81,
          "f1-score": 0.8098186248528588,
          "support": 1000.0
        }
      },
      "confusion_matrix": [
        [
          101,
          2,
          66,
          10,
          0
        ],
        [
          4,
          161,
          9,
          20,
          3
        ],
        [
          41,
          5,
          152,
          0,
          3
        ],
        [
          4,
          1,
          1,
          202,
          0
        ],
        [
          6,
          7,
          8,
          0,
          194
        ]
      ]
    },
    "svm": {
      "accuracy": 0.815,
      "report": {
        "0": {
          "precision": 0.6030927835051546,
          "recall": 0.6536312849162011,
          "f1-score": 0.6273458445040214,
          "support": 179.0
        },
        "1": {
          "precision": 0.9593023255813954,
          "recall": 0.8375634517766497,
          "f1-score": 0.894308943089431,
          "support": 197.0
        },
        "2": {
          "precision": 0.6616915422885572,
          "recall": 0.6616915422885572,
          "f1-score": 0.6616915422885572,
          "support": 201.0
        },
        "3": {
          "precision": 0.8938053097345132,
          "recall": 0.9711538461538461,
          "f1-score": 0.9308755760368663,
          "support": 208.0
        },
        "4": {
          "precision": 0.9565217391304348,
          "recall": 0.9209302325581395,
          "f1-score": 0.9383886255924172,
          "support": 215.0
        },
        "accuracy": 0.815,
        "macro avg": {
          "precision": 0.814882740048011,
          "recall": 0.8089940715386789,
          "f1-score": 0.8105221063022586,
          "support": 1000.0
        },
        "weighted avg": {
          "precision": 0.8214998447247798,
          "recall": 0.815,
          "f1-score": 0.8168494422728757,
          "support": 1000.0
        }
      },
      "confusion_matrix": [
        [
          117,
          1,
          51,
          8,
          2
        ],
        [
          5,
          165,
          8,
          16,
          3
        ],
        [
          59,
          5,
          133,
          0,
          4
        ],
        [
          4,
          1,
          1,
          202,
          0
        ],
        [
          9,
          0,
          8,
          0,
          198
        ]
      ]
    },
    "class_names": [
      "Alternaria",
      "Anthracnose",
      "Black Mould Rot",
      "Healthy",
      "Stem end Rot"
    ]
  },
  "best": {
    "name": "svm",
    "accuracy": 0.815
  }
}