{
  "loss": [
    0.9678244590759277,
    0.8261844515800476,
    0.7516778707504272,
    0.704633891582489,
    0.6645440459251404,
    0.6394721269607544,
    0.6296761631965637,
    0.6212669610977173,
    0.5728424787521362,
    0.5606250762939453,
    0.5246095061302185,
    0.5097101926803589,
    0.4896276295185089,
    0.437987744808197,
    0.4281500577926636
  ],
  "accuracy": [
    0.6077499985694885,
    0.6660000085830688,
    0.6997500061988831,
    0.7229999899864197,
    0.7289999723434448,
    0.7394999861717224,
    0.7517499923706055,
    0.7402499914169312,
    0.7680000066757202,
    0.7742499709129333,
    0.7894999980926514,
    0.7987499833106995,
    0.8042500019073486,
    0.827750027179718,
    0.8327500224113464
  ],
  "val_loss": [
    4.761043548583984,
    3.93876576423645,
    2.5336294174194336,
    2.017570972442627,
    0.8104987144470215,
    5.026535987854004,
    0.6422001719474792,
    0.5589441061019897,
    0.7805522680282593,
    0.45871418714523315,
    0.5173070430755615,
    0.740736186504364,
    0.8783978819847107,
    0.5664371252059937,
    0.7602159976959229
  ],
  "val_accuracy": [
    0.18000000715255737,
    0.1860000044107437,
    0.22300000488758087,
    0.31700000166893005,
    0.6549999713897705,
    0.3540000021457672,
    0.7409999966621399,
    0.7649999856948853,
    0.7049999833106995,
    0.8100000023841858,
    0.8149999976158142,
    0.7110000252723694,
    0.6790000200271606,
    0.7720000147819519,
    0.7300000190734863
  ],
  "lr": [
    0.0010000000474974513,
    0.0010000000474974513,
    0.0010000000474974513,
    0.0010000000474974513,
    0.0010000000474974513,
    0.0010000000474974513,
    0.0010000000474974513,
    0.0010000000474974513,
    0.0010000000474974513,
    0.0010000000474974513,
    0.0010000000474974513,
    0.0010000000474974513,
    0.0010000000474974513,
    0.0005000000237487257,
    0.0005000000237487257
  ]
}