{
  "models": {
    "cnn": {
      "accuracy": 0.45410628019323673,
      "report": {
        "0": {
          "precision": 0.0,
          "recall": 0.0,
          "f1-score": 0.0,
          "support": 113.0
        },
        "1": {
          "precision": 0.45410628019323673,
          "recall": 1.0,
          "f1-score": 0.6245847176079734,
          "support": 94.0
        },
        "accuracy": 0.45410628019323673,
        "macro avg": {
          "precision": 0.22705314009661837,
          "recall": 0.5,
          "f1-score": 0.3122923588039867,
          "support": 207.0
        },
        "weighted avg": {
          "precision": 0.2062125137109384,
          "recall": 0.45410628019323673,
          "f1-score": 0.2836278427785,
          "support": 207.0
        }
      },
      "confusion_matrix": [
        [
          0,
          113
        ],
        [
          0,
          94
        ]
      ]
    },
    "svm": {
      "accuracy": 0.9710144927536232,
      "report": {
        "0": {
          "precision": 1.0,
          "recall": 0.9469026548672567,
          "f1-score": 0.9727272727272728,
          "support": 113.0
        },
        "1": {
          "precision": 0.94,
          "recall": 1.0,
          "f1-score": 0.9690721649484536,
          "support": 94.0
        },
        "accuracy": 0.9710144927536232,
        "macro avg": {
          "precision": 0.97,
          "recall": 0.9734513274336283,
          "f1-score": 0.9708997188378632,
          "support": 207.0
        },
        "weighted avg": {
          "precision": 0.9727536231884059,
          "recall": 0.9710144927536232,
          "f1-score": 0.9710674653301278,
          "support": 207.0
        }
      },
      "confusion_matrix": [
        [
          107,
          6
        ],
        [
          0,
          94
        ]
      ]
    },
    "class_names": [
      "organic",
      "pesticide"
    ]
  },
  "best": {
    "name": "svm",
    "accuracy": 0.9710144927536232
  }
}